epoch,steps,cosine_pearson,cosine_spearman,euclidean_pearson,euclidean_spearman,manhattan_pearson,manhattan_spearman,dot_pearson,dot_spearman
0,-1,0.8637469125056083,0.8632614651072978,0.8453936664624152,0.8492903002476015,0.8449168387030057,0.8486647152951936,0.8209821074199751,0.8237147244632509
1,-1,0.8678614404426834,0.8667458959821454,0.8547963868083709,0.8555799201285157,0.8542416151454125,0.8549764158923009,0.8380883904484107,0.8348539185207023
2,-1,0.8740840204620244,0.8728015900675534,0.8611634365655535,0.8629708834338609,0.8609967994360048,0.8627099269702087,0.8483860456839277,0.8455799379123732
3,-1,0.8744578309597704,0.8730785971619869,0.8624775706547827,0.8644809663305459,0.8623524115539193,0.864286517918685,0.8514432955875211,0.8483253736946224
